Date,prcod,prccd,prchd,prcld,cshtrd,tic,ajexdi,datadate
2018-10-23,7118.674,7113.531199999999,7118.674,7106.008950617284,1600747326.4382715,.N,1.0,20181023
2018-10-24,7106.229590123457,6865.715261405672,7117.337,6777.473,3675607326.257783,.N,1.0,20181024
2018-10-25,6857.147390875462,6885.791160493827,7063.925,6856.592076448828,5021925001.437279,.N,1.0,20181025
2018-10-26,6875.518355555556,6951.378720325203,6976.941,6743.775,16830194307.836079,.N,1.0,20181026
2018-10-29,6947.1797918699185,6678.2681849568435,6973.19,6574.745,3961144099.623101,.N,1.0,20181029
2018-10-30,6687.225600493218,6889.610832098765,6895.06389382716,6652.529,4374166545.851966,.N,1.0,20181030
2018-10-31,6891.965155555556,6980.894039506173,7030.507,6889.17034074074,4480947442.567901,.N,1.0,20181031
2018-11-01,6976.207096296296,7042.673503703704,7071.839,6932.211,4316037781.983952,.N,1.0,20181101
2018-11-02,7051.290839506173,6949.7795241269,7085.267,6909.067,16109713618.487442,.N,1.0,20181102
2018-11-05,6947.842061850173,6937.695056790123,6954.019214609438,6859.8,3574443106.140954,.N,1.0,20181105
2018-11-06,6938.297735802469,7032.129424691358,7036.398967901235,6928.002,2694627760.8012342,.N,1.0,20181106
2018-11-07,7035.95262345679,7182.815049382716,7205.963,7032.219971604938,3421804243.1037035,.N,1.0,20181107
2018-11-08,7187.2018148148145,7122.001575308642,7192.317,7118.192328395062,3419087312.3765435,.N,1.0,20181108
2018-11-09,7121.250880246914,6997.4060569105695,7122.844590123457,6982.888,12601517906.717129,.N,1.0,20181109
2018-11-12,6994.744658536585,6856.41009382716,7000.735330352303,6819.378,3483469260.940891,.N,1.0,20181112
2018-11-13,6846.537739506173,6873.587269135803,6951.442,6811.68,3267323667.276544,.N,1.0,20181113
2018-11-14,6869.515174074074,6756.545061728395,6916.095,6736.175,2926976057.3567896,.N,1.0,20181114
2018-11-15,6758.492314814815,6845.240592592592,6908.825,6702.422,5236505359.491358,.N,1.0,20181115
2018-11-16,6850.577641975308,6842.214031436314,6898.126,6797.426,18287415944.553658,.N,1.0,20181116
2018-11-19,6835.370307046071,6542.98372345679,6843.288079945799,6542.98372345679,5382914125.010538,.N,1.0,20181119
2018-11-20,6544.02242345679,6574.603713933416,6614.011,6442.36,6580353227.809182,.N,1.0,20181120
2018-11-21,6574.995552404439,6566.575901333333,6639.372,6564.8041146666665,3086324874.3719535,.N,1.0,20181121
2018-11-22,6564.880603555555,6539.200541333334,6566.760625333333,6532.091154666667,4546365271.679999,.N,1.0,20181122
2018-11-23,6532.465883555556,6608.372172899729,6610.012951761517,6524.549,14107783547.84459,.N,1.0,20181123
2018-11-26,6608.766793224932,6654.362283950617,6679.907,6590.886,3603315404.067118,.N,1.0,20181126
2018-11-27,6655.305013580247,6734.505755856967,6736.546969173859,6609.08,3123982988.134985,.N,1.0,20181127
2018-11-28,6733.642263871763,6895.921488888888,6914.792,6713.291,3434736481.077359,.N,1.0,20181128
2018-11-29,6900.026358024692,6896.889659259259,6938.019,6839.452,2883862232.792593,.N,1.0,20181129
2018-11-30,6898.216597530864,7087.880495392954,7092.780991327913,6872.291,25166164128.07416,.N,1.0,20181130
2018-12-03,7092.682708401084,7039.846987654321,7106.995,7013.196,6081147421.3077345,.N,1.0,20181203
2018-12-04,7041.242686419753,6765.631810666667,7045.678,6764.219055111111,2851684709.8365426,.N,1.0,20181204
2018-12-05,6764.752219111111,6676.516930666667,6766.994790666667,6670.848175111111,9712668230.400002,.N,1.0,20181205
2018-12-06,6673.179099111111,6821.678587654322,6840.495,6630.823,5107857986.281975,.N,1.0,20181206
2018-12-07,6819.798218518518,6604.239340921409,6849.378,6594.539,15062546695.979704,.N,1.0,20181207
2018-12-10,6604.251214905149,6743.977340740741,6744.22932345679,6534.327,3999419966.357334,.N,1.0,20181210
2018-12-11,6741.67910617284,6759.69621234568,6788.467,6650.834,3321990214.6518526,.N,1.0,20181211
2018-12-12,6761.193648148148,6785.334220715166,6867.662,6758.238040740741,3065082453.7590384,.N,1.0,20181212
2018-12-13,6788.6619075215785,6714.348301234568,6833.784,6713.466066666667,2854010705.144665,.N,1.0,20181213
2018-12-14,6715.894281481482,6570.636155555555,6716.929749382716,6568.833391869919,13102708057.3592,.N,1.0,20181214
2018-12-17,6573.14497506775,6478.448659259259,6621.633,6399.551,3482047942.8926497,.N,1.0,20181217
2018-12-18,6480.7533901234565,6480.39335308642,6551.043,6434.597,3191835561.416049,.N,1.0,20181218
2018-12-19,6484.891607407408,6329.821819753086,6575.392,6284.715,6425378591.995061,.N,1.0,20181219
2018-12-20,6325.080602469136,6262.857913580247,6380.967,6161.855,18873916553.17531,.N,1.0,20181220
2018-12-21,6272.679519753086,6015.852685636856,6308.313,5998.800597831978,46099180148.19437,.N,1.0,20181221
2018-12-24,5998.786376151761,5917.123112394491,6075.172,5895.117,3678408431.3324857,.N,1.0,20181224
2018-12-25,5914.2219924478,5970.538732119058,5970.538732119058,5913.7251466015105,6315996909.78232,.N,1.0,20181225
2018-12-26,5958.822969791204,6205.58167654321,6263.816,5921.863,4029859113.200703,.N,1.0,20181226
2018-12-27,6207.080588888889,6313.618886419753,6313.971190123457,6043.445,3964378562.619753,.N,1.0,20181227
2018-12-28,6310.961065432099,6338.226847154471,6388.363,6233.69,12112021210.46718,.N,1.0,20181228
2018-12-31,6348.603631707318,6304.208023111111,6365.388,6273.935,2664944792.813908,.N,1.0,20181231
2019-01-01,6302.014817777778,6226.613783111111,6304.714887555556,6218.047568888889,6124016425.919999,.N,1.0,20190101
2019-01-02,6217.989217777778,6313.016479012345,6394.735,6198.675,4675826986.318666,.N,1.0,20190102
2019-01-03,6309.947160493827,6209.3659604938275,6313.594656790123,6139.403,5212817472.974074,.N,1.0,20190103
2019-01-04,6207.994116049383,6428.7165799458,6445.195,6205.684271604939,15445179607.507498,.N,1.0,20190104
2019-01-07,6433.4837899729,6529.239254320988,6530.198795061729,6412.98,4284948032.171514,.N,1.0,20190107
2019-01-08,6528.262918518519,6562.564822222223,6574.731,6457.004,4083257851.651851,.N,1.0,20190108
2019-01-09,6566.449403703704,6568.698096296297,6631.062,6549.439,3774779195.1530867,.N,1.0,20190109
2019-01-10,6571.337804938272,6596.00515308642,6625.113,6517.545,3368781007.618519,.N,1.0,20190110
2019-01-11,6596.666161728394,6541.581648780488,6604.557,6541.346861788617,12672078486.6248,.N,1.0,20190111
2019-01-14,6542.201955555555,6560.375755555555,6566.869,6512.64,3377431749.922102,.N,1.0,20190114
2019-01-15,6558.842016049382,6675.776996300863,6675.852596794081,6558.678209876543,3358363298.867528,.N,1.0,20190115
2019-01-16,6674.219011097411,6653.975328395061,6720.405,6653.975328395061,3524475477.8201256,.N,1.0,20190116
2019-01-17,6655.330955555555,6747.143032098766,6751.41847654321,6637.096,8159267486.416049,.N,1.0,20190117
2019-01-18,6749.8357790123455,6752.197736062379,6816.23,6727.938,24701313367.02411,.N,1.0,20190118
2019-01-21,6753.2036417153995,6738.299350097466,6754.154376218324,6738.286256140351,13289839618.947369,.N,1.0,20190121
2019-01-22,6739.74062417154,6673.398061728395,6741.098937621832,6603.563,5241256556.282846,.N,1.0,20190122
2019-01-23,6671.806155555556,6668.865913580246,6712.864,6584.496,3910836368.201235,.N,1.0,20190123
2019-01-24,6671.5250975308645,6730.36482962963,6733.9492395061725,6656.525,4483674493.528396,.N,1.0,20190124
2019-01-25,6733.9605296296295,6697.475792953929,6800.969,6697.475792953929,23618082672.496746,.N,1.0,20190125
2019-01-28,6700.40931192412,6699.556666666666,6702.692339566395,6644.307,5402545737.576091,.N,1.0,20190128
2019-01-29,6696.2727,6679.926930864198,6701.47,6613.418,3799088153.2691355,.N,1.0,20190129
2019-01-30,6677.599197530864,6832.28877037037,6833.156841975308,6676.835754320988,5438386859.796297,.N,1.0,20190130
2019-01-31,6827.434459259259,6886.516051787917,6936.344,6825.653880246913,4936290522.673046,.N,1.0,20190131
2019-02-01,6886.648223181258,6881.636112195122,6921.95,6857.308,12928742883.559414,.N,1.0,20190201
2019-02-04,6876.469261517615,6966.55517037037,6967.0774296296295,6872.605,3464206252.62433,.N,1.0,20190204
2019-02-05,6965.524044444444,7028.6692370370365,7029.766,6964.677219753086,3673183036.841975,.N,1.0,20190205
2019-02-06,7023.7380283950615,6953.670353884094,7034.94,6953.64613810111,3821158562.2147236,.N,1.0,20190206
2019-02-07,6960.161284833539,6870.373209876543,6960.925970406905,6854.353,3096422518.6161404,.N,1.0,20190207
2019-02-08,6868.522595061728,6942.491114363143,6942.498394579946,6836.698,13488776806.86489,.N,1.0,20190208
2019-02-11,6938.733044444445,6937.341560493827,6958.328,6893.799,3763449499.685727,.N,1.0,20190211
2019-02-12,6939.562470370371,7030.242948148149,7030.791172839506,6936.9084555555555,3535265713.245679,.N,1.0,20190212
2019-02-13,7028.652843209877,7000.1350469135805,7062.577,6998.54466419753,3201026222.760494,.N,1.0,20190213
2019-02-14,6998.508406172839,7051.189122071517,7052.878320591862,6969.686,6621243609.32152,.N,1.0,20190214
2019-02-15,7048.44020838471,7044.727961403509,7073.99,7022.302,19646788709.671528,.N,1.0,20190215
2019-02-18,7040.901613060429,7040.246277192982,7045.194323391813,7034.227733333333,11384035233.263157,.N,1.0,20190218
2019-02-19,7034.780911306043,7071.8115777777775,7089.101,7032.778,4321549068.266017,.N,1.0,20190219
2019-02-20,7068.754490123457,7054.132743209877,7096.151,7027.367,2798694913.3358026,.N,1.0,20190220
2019-02-21,7053.314285185185,7047.667612823674,7063.068,7001.798,3428843364.0880337,.N,1.0,20190221
2019-02-22,7047.022545006165,7139.631779403794,7143.046201084011,7046.138303329223,24556217926.930336,.N,1.0,20190222
2019-02-25,7139.518931707317,7106.95064691358,7161.734,7105.35318271605,5682680167.979162,.N,1.0,20190225
2019-02-26,7105.6934296296295,7108.845903703704,7144.65,7087.144,3228509065.2469134,.N,1.0,20190226
2019-02-27,7106.973169135803,7105.628009876543,7125.78,7045.414,3331512660.6456795,.N,1.0,20190227
2019-02-28,7102.927722222222,7130.418481481482,7131.607580246913,7081.918,4443756096.325926,.N,1.0,20190228
2019-03-01,7129.784171604938,7194.021124119241,7194.210409756098,7101.068,17936781147.144867,.N,1.0,20190301
2019-03-04,7190.0830715447155,7152.082291358024,7205.943,7073.405,4332638497.836616,.N,1.0,20190304
2019-03-05,7154.277069135803,7157.694380246913,7178.304,7120.695,3163905095.8629637,.N,1.0,20190305
2019-03-06,7156.465666666667,7100.204644444444,7162.239,7098.59124691358,3063530720.5246916,.N,1.0,20190306
2019-03-07,7098.963748148148,6976.608022222223,7100.275380246913,6976.143004938272,3486426704.079012,.N,1.0,20190307
2019-03-08,6976.036854320988,7049.604706416964,7050.280946846599,6940.723,12779621618.802197,.N,1.0,20190308
2019-03-11,7047.481836959516,7171.947861728395,7175.237632098765,7047.029333516937,3017257159.4052134,.N,1.0,20190311
2019-03-12,7172.147587654322,7222.4941407407405,7223.129777777778,7166.946,2681892980.4246917,.N,1.0,20190312
2019-03-13,7221.092244444444,7260.375385185185,7292.864,7220.722264197531,2795088566.91605,.N,1.0,20190313
2019-03-14,7257.2015925925925,7264.385914919852,7267.936,7240.961,18780412373.239445,.N,1.0,20190314
2019-03-15,7263.735750924784,7309.196195121952,7331.295,7261.639672009865,35115636741.38447,.N,1.0,20190315
2019-03-18,7311.292716260163,7350.20672345679,7350.20672345679,7293.852,3590316124.58103,.N,1.0,20190318
2019-03-19,7347.109024691358,7345.642846913581,7390.286,7321.925,3185092324.7728395,.N,1.0,20190319
2019-03-20,7349.088351851852,7371.226086419752,7422.755,7318.423,3456891960.755556,.N,1.0,20190320
2019-03-21,7364.908065432099,7473.527720987654,7505.407,7356.941,3373032586.671605,.N,1.0,20190321
2019-03-22,7470.092665432098,7303.673268292683,7482.354,7301.853113821138,14126652995.640377,.N,1.0,20190322
2019-03-25,7301.851591869919,7358.603226880395,7359.023926017263,7265.276,3525362871.226794,.N,1.0,20190325
2019-03-26,7357.758295930949,7363.094264197531,7417.261,7314.376,2782986379.514308,.N,1.0,20190326
2019-03-27,7360.015551851851,7320.054239506173,7376.989,7252.064,2405894434.5234566,.N,1.0,20190327
2019-03-28,7319.416177777778,7359.060548148148,7359.09242962963,7277.694,3001509530.7395062,.N,1.0,20190328
2019-03-29,7358.598597530864,7446.886460162601,7447.822010298103,7333.168,18782055631.684822,.N,1.0,20190329
2019-04-01,7445.52118401084,7477.523982716049,7481.84,7422.435,4380445187.437398,.N,1.0,20190401
2019-04-02,7475.150059259259,7525.566614814815,7526.107271604938,7461.511,3819502693.858024,.N,1.0,20190402
2019-04-03,7525.278764197531,7543.93452345679,7589.69,7520.401,4072665984.696296,.N,1.0,20190403
2019-04-04,7543.098143209876,7558.467983970407,7571.129,7496.3,3287987428.0622153,.N,1.0,20190404
2019-04-05,7556.348517879162,7562.638309485095,7581.897,7554.908,12006092685.045527,.N,1.0,20190405
2019-04-08,7566.069247425474,7578.826419753087,7602.08,7536.422,3142907803.8342376,.N,1.0,20190408
2019-04-09,7581.204392592593,7576.950533333333,7596.751,7555.624,3026773312.283951,.N,1.0,20190409
2019-04-10,7577.07273580247,7614.910609876543,7618.071525925926,7573.28,2810732150.548148,.N,1.0,20190410
2019-04-11,7618.083762962963,7612.498219482121,7621.4,7580.705,2913120829.225872,.N,1.0,20190411
2019-04-12,7614.371282367448,7631.482781571815,7634.430227642277,7596.565,10792549991.951965,.N,1.0,20190412
2019-04-15,7630.422847425474,7644.694767901235,7644.767165432098,7578.543,2825033465.6567297,.N,1.0,20190415
2019-04-16,7643.80275925926,7688.962484586929,7689.286815043157,7631.641,4620753407.033721,.N,1.0,20190416
2019-04-17,7688.41341676942,7685.524797530864,7715.07,7659.854,9298197774.493439,.N,1.0,20190417
2019-04-18,7686.184524691358,7685.966933333333,7694.182,7647.402,7228683880.323912,.N,1.0,20190418
2019-04-19,7686.421636452242,7655.870933333333,7686.461667446394,7655.786652241715,14045214903.157896,.N,1.0,20190419
2019-04-22,7660.025846978558,7721.686548148148,7721.686548148148,7653.887,3229572917.6243668,.N,1.0,20190422
2019-04-23,7720.597822222222,7812.806192592593,7819.336,7719.093,3591431243.969136,.N,1.0,20190423
2019-04-24,7812.243148148148,7826.3955975308645,7828.449296296296,7783.589,4566970235.737036,.N,1.0,20190424
2019-04-25,7828.531148148148,7805.777750617284,7851.975,7778.229,5361184936.628394,.N,1.0,20190425
2019-04-26,7799.772145679012,7827.209762601627,7831.458642276422,7742.597,14407112262.246643,.N,1.0,20190426
2019-04-29,7825.711673170732,7790.516701602959,7851.852,7786.879282367448,3500331638.12189,.N,1.0,20190429
2019-04-30,7792.602660912454,7814.685138271605,7816.675738271605,7726.068,3652841773.673443,.N,1.0,20190430
2019-05-01,7812.521032098765,7746.995701234568,7851.034,7746.281024691358,3866886815.798765,.N,1.0,20190501
2019-05-02,7751.705928395062,7761.381908641975,7791.506,7672.544,4059609197.100009,.N,1.0,20190502
2019-05-03,7764.1349753086415,7688.31883283663,7847.518,7676.3954061230015,24652700944.08188,.N,1.0,20190503
2019-05-06,7676.345878894608,7743.022187654321,7804.545,7662.924,5247572613.49096,.N,1.0,20190506
2019-05-07,7740.457176543209,7636.092745679012,7743.886148148148,7572.613,3297975031.316049,.N,1.0,20190507
2019-05-08,7628.951774074074,7566.253360493827,7678.819,7556.402646913581,3574236556.7654324,.N,1.0,20190508
2019-05-09,7556.501928395061,7568.8290691358025,7605.034,7472.711,4162948225.701235,.N,1.0,20190509
2019-05-10,7564.976301234568,7423.607259620596,7623.013,7400.364859620597,21587686661.831917,.N,1.0,20190510
2019-05-13,7400.310393224932,7353.128871604938,7433.919,7303.644,4931794525.844625,.N,1.0,20190513
2019-05-14,7352.418187654321,7370.013809876543,7449.025,7337.939,3290803089.325926,.N,1.0,20190514
2019-05-15,7370.5681,7504.387091358025,7524.223,7353.901,3314223458.871605,.N,1.0,20190515
2019-05-16,7507.677112345679,7533.772377777777,7627.028,7502.763,5649036720.386419,.N,1.0,20190516
2019-05-17,7535.565369135803,7403.712299728997,7605.669,7398.7798200542,22103567982.97061,.N,1.0,20190517
2019-05-20,7399.949022493225,7422.620303703704,7424.586,7351.922,4772341333.786179,.N,1.0,20190520
2019-05-21,7420.357341975308,7426.4334,7472.706,7417.073,4158457578.706173,.N,1.0,20190521
2019-05-22,7426.2799,7361.157849382716,7458.111,7360.956597530864,4395477676.914815,.N,1.0,20190522
2019-05-23,7361.444520987654,7343.944461728395,7363.259154320987,7261.457,3795162416.15679,.N,1.0,20190523
2019-05-24,7338.5701592592595,7318.271894757357,7371.299,7294.1,10442387869.285967,.N,1.0,20190524
2019-05-27,7314.495028454492,7325.562824400701,7325.630060611967,7311.338310465796,8895698233.061779,.N,1.0,20190527
2019-05-28,7320.193566751121,7246.41082962963,7362.289,7241.297172839507,3750579798.4263277,.N,1.0,20190528
2019-05-29,7241.22825308642,7235.214242909988,7254.197,7176.668,3216781310.484606,.N,1.0,20190529
2019-05-30,7228.822230579532,7189.505464197531,7262.774,7180.78189382716,2729344580.793173,.N,1.0,20190530
2019-05-31,7181.059708641976,7115.593770189702,7189.401565432099,7111.59776693767,16587527946.468203,.N,1.0,20190531
2019-06-03,7111.637455826558,7034.262575308641,7126.427,6936.682,4251261563.6182165,.N,1.0,20190603
2019-06-04,7030.0305,7211.389708641976,7211.389708641976,7023.095,3920742601.8666663,.N,1.0,20190604
2019-06-05,7209.379238271606,7227.922627620223,7235.229,7146.434,3710224135.5404243,.N,1.0,20190605
2019-06-06,7226.866970406905,7300.200098765432,7302.099039506173,7201.586,3070390754.06081,.N,1.0,20190606
2019-06-07,7302.147686419753,7466.173031436315,7469.0880574525745,7298.923667901235,16274126050.962118,.N,1.0,20190607
2019-06-10,7468.533378319784,7560.944279012346,7572.996,7464.428725203252,4071305304.0242996,.N,1.0,20190610
2019-06-11,7557.041417283951,7504.025518518519,7595.568,7489.991,3277104588.7407413,.N,1.0,20190611
2019-06-12,7500.340062962963,7494.944464197531,7508.247392592592,7459.201,2572928553.924691,.N,1.0,20190612
2019-06-13,7491.2934172839505,7485.923708641975,7530.905,7483.979602469136,2640194329.3987656,.N,1.0,20190613
2019-06-14,7487.916571604938,7500.43783794038,7501.836531707318,7454.867,10677904538.064625,.N,1.0,20190614
2019-06-17,7498.7216056910565,7577.690769420468,7579.749736128237,7492.168,3183694900.6168017,.N,1.0,20190617
2019-06-18,7579.848494451295,7648.164548148148,7689.076,7575.9413181257705,3347357183.742037,.N,1.0,20190618
2019-06-19,7646.7921975308645,7733.712740740741,7736.064,7606.284,3277794130.8604937,.N,1.0,20190619
2019-06-20,7735.900871604938,7724.0503950617285,7770.608,7681.427,14485911363.849382,.N,1.0,20190620
2019-06-21,7725.657334567902,7738.78127100271,7772.533,7708.245,25540633648.26001,.N,1.0,20190621
2019-06-24,7736.401088617887,7720.434614814815,7746.677,7720.434614814815,2750343026.5227036,.N,1.0,20190624
2019-06-25,7721.618269135802,7626.797582716049,7723.038,7584.165,3094623736.1938267,.N,1.0,20190625
2019-06-26,7625.726566666667,7646.729844444445,7688.638,7616.911,3495190836.0802474,.N,1.0,20190626
2019-06-27,7646.767087654322,7671.8031481481485,7672.978,7636.724,2931448295.201235,.N,1.0,20190627
2019-06-28,7668.673098765432,7809.255755013551,7809.255755013551,7639.445,26502438461.824203,.N,1.0,20190628
2019-07-01,7805.876255826558,7765.92489382716,7820.809,7735.668,5348070090.9115925,.N,1.0,20190701
2019-07-02,7764.739638271605,7808.637901234568,7813.021604938272,7746.01,2906494109.914815,.N,1.0,20190702
2019-07-03,7812.626248148148,7846.323136,7857.69,7808.654283950617,2399232302.8319016,.N,1.0,20190703
2019-07-04,7845.324142222222,7815.898816,7846.353991555555,7811.877761777778,5661948408.959999,.N,1.0,20190704
2019-07-05,7812.287342222222,7789.523394579946,7854.708,7774.587,12485442967.653488,.N,1.0,20190705
2019-07-08,7794.194777777778,7762.611819753087,7794.194777777778,7756.109,3096753240.206444,.N,1.0,20190708
2019-07-09,7760.832630864198,7860.206693827161,7860.206693827161,7748.232,3395186552.8901234,.N,1.0,20190709
2019-07-10,7855.389066666667,7913.645582716049,7923.932,7854.551287654322,3600665047.9024696,.N,1.0,20190710
2019-07-11,7913.546177777777,7902.270241975309,7934.596,7873.163,3003853854.3518524,.N,1.0,20190711
2019-07-12,7904.628098765432,7955.65232303523,7959.7567018970185,7900.389,15514568122.949923,.N,1.0,20190712
2019-07-15,7959.7615338753385,7958.295417283951,7969.794,7940.454,3704194022.4624214,.N,1.0,20190715
2019-07-16,7961.279143209877,7928.603612823675,7965.76,7904.946,2972047690.0898657,.N,1.0,20190716
2019-07-17,7927.631648581997,7867.226059259259,7941.102,7862.949291358025,3065529339.17927,.N,1.0,20190717
2019-07-18,7863.04637654321,7932.173091358025,7934.746856790123,7827.491,5282403388.4790125,.N,1.0,20190718
2019-07-19,7931.235714814815,7861.991828726287,7950.225,7832.393,16123844253.788889,.N,1.0,20190719
2019-07-22,7860.360674254743,7930.957104808878,7932.845266337855,7860.2559731707315,3479798233.791424,.N,1.0,20190722
2019-07-23,7932.373352651049,7936.81797037037,7955.087,7895.05,3226476723.5110455,.N,1.0,20190723
2019-07-24,7937.405167901235,7988.448698765432,8010.826,7926.985,3509159136.0703707,.N,1.0,20190724
2019-07-25,7989.664517283951,7971.780520987654,7989.824220987654,7921.214,3934999658.6037035,.N,1.0,20190725
2019-07-26,7971.295471604938,8008.202364227643,8027.179,7971.147745679013,15829103275.39717,.N,1.0,20190726
2019-07-29,8010.558821409214,7952.509291358025,8010.558821409214,7939.976,3789651487.858386,.N,1.0,20190729
2019-07-30,7948.143951851852,7965.205666666667,7983.11,7923.446,4029868468.966667,.N,1.0,20190730
2019-07-31,7965.973951851852,7867.609335802469,7979.204,7774.931,4399135434.667902,.N,1.0,20190731
2019-08-01,7860.638,7759.563913580247,8000.942,7759.477567901235,3797909462.4765434,.N,1.0,20190801
2019-08-02,7761.063032098766,7528.74348401084,7764.837362962963,7521.046036856368,21919489199.525623,.N,1.0,20190802
2019-08-05,7523.443753658537,7470.295343209877,7529.262539566396,7356.265,5608486470.492893,.N,1.0,20190805
2019-08-06,7466.48077037037,7468.790435265105,7541.74,7432.309,4416585336.151643,.N,1.0,20190806
2019-08-07,7464.60601972873,7588.911079012345,7592.830508641975,7386.389,4226826955.482925,.N,1.0,20190807
2019-08-08,7589.251369135803,7702.603958024692,7726.457,7576.819,4013712296.785185,.N,1.0,20190808
2019-08-09,7698.034380246913,7609.472164769648,7709.505,7591.136,11380371103.677597,.N,1.0,20190809
2019-08-12,7600.798079674797,7559.510860935525,7623.435,7528.951,3145318371.8051186,.N,1.0,20190812
2019-08-13,7556.254541087232,7643.770681481481,7778.343,7553.33,3582062330.908642,.N,1.0,20190813
2019-08-14,7639.311156790123,7509.822792592593,7643.712324691358,7480.58,3924325892.7592597,.N,1.0,20190814
2019-08-15,7498.789267901235,7534.605841975309,7535.19830617284,7429.363,5882793947.171605,.N,1.0,20190815
2019-08-16,7527.481643209877,7708.015273712736,7709.162017344173,7527.481643209877,20172036306.23235,.N,1.0,20190816
2019-08-19,7707.237714634147,7713.010466666667,7740.739,7688.087,3816483327.913339,.N,1.0,20190819
2019-08-20,7711.994596296297,7713.142500616523,7731.309,7664.209,2587941194.036492,.N,1.0,20190820
2019-08-21,7709.265697903822,7745.032738271605,7754.656,7706.57,2440339613.5610385,.N,1.0,20190821
2019-08-22,7745.036070370371,7677.669622222222,7764.788,7649.277,2523831025.07284,.N,1.0,20190822
2019-08-23,7674.856760493827,7536.902680216802,7722.428,7442.933,13368365682.660465,.N,1.0,20190823
2019-08-26,7535.1289747967485,7610.794671604938,7611.84078271605,7506.174,3080267347.48645,.N,1.0,20190826
2019-08-27,7611.909224691359,7544.860353086419,7640.684,7531.965,2364871897.7864194,.N,1.0,20190827
2019-08-28,7546.511207407407,7649.162908641975,7649.707550617283,7500.223,2512266333.3160505,.N,1.0,20190828
2019-08-29,7648.311911111111,7731.253079012346,7732.044138271605,7648.264,2728362901.3456783,.N,1.0,20190829
2019-08-30,7729.5428123456795,7649.46297037037,7747.076,7642.901,10658016138.08343,.N,1.0,20190830
2019-09-02,7653.031104678363,7631.964303703703,7654.072133528265,7629.6375773879145,9144043712.842104,.N,1.0,20190902
2019-09-03,7637.040367836257,7658.380669135803,7670.174,7584.817,3540128065.406563,.N,1.0,20190903
2019-09-04,7658.933311111111,7778.586735802469,7778.586735802469,7656.716091358025,3501093181.971605,.N,1.0,20190904
2019-09-05,7775.279375308643,7866.8603045622685,7879.968,7775.279375308643,3420574033.0462713,.N,1.0,20190905
2019-09-06,7866.757125770653,7873.534227100271,7875.580395663957,7835.89,14417255243.618948,.N,1.0,20190906
2019-09-09,7874.65131300813,7805.05001728395,7877.414,7795.859,3404240742.511322,.N,1.0,20190909
2019-09-10,7806.365972839506,7815.277343209877,7819.354851851852,7743.615,2950212943.382716,.N,1.0,20190910
2019-09-11,7818.71462962963,7918.444930864198,7920.289407407407,7812.072,3310050261.9888883,.N,1.0,20190911
2019-09-12,7917.115538271605,7906.417935802469,7975.326,7906.417935802469,3012913277.590123,.N,1.0,20190912
2019-09-13,7908.280141975309,7843.0744308943085,7923.413,7838.098415718157,11443098950.51448,.N,1.0,20190913
2019-09-16,7838.082366395664,7852.781293827161,7868.735,7831.761,2871049999.7768745,.N,1.0,20190916
2019-09-17,7850.727125925926,7880.519561035759,7891.208,7840.986,2422606494.249194,.N,1.0,20190917
2019-09-18,7881.326542540074,7900.390671604938,7901.93692345679,7791.582,2253074314.765621,.N,1.0,20190918
2019-09-19,7899.095779012346,7905.385308641976,7950.207,7888.307,17510875602.641975,.N,1.0,20190919
2019-09-20,7901.572407407408,7822.670229206177,7920.532,7794.271,30182419297.396698,.N,1.0,20190920
2019-09-23,7815.843869683013,7844.960044444444,7845.321367901234,7790.286,2855985559.3341646,.N,1.0,20190923
2019-09-24,7843.471208641975,7709.263567901235,7873.254,7684.8,2643076734.0246916,.N,1.0,20190924
2019-09-25,7707.686374074075,7796.103316049383,7822.431,7647.634,2393610827.3555555,.N,1.0,20190925
2019-09-26,7797.377767901235,7779.3134493827165,7798.119,7718.692,2727599081.660494,.N,1.0,20190926
2019-09-27,7781.332004938272,7704.556050934706,7790.804,7626.817,10359577752.99505,.N,1.0,20190927
2019-09-30,7704.179167976158,7775.043851851852,7776.0979333333335,7693.493,2638538261.261742,.N,1.0,20190930
2019-10-01,7771.6538037037035,7645.89086419753,7821.725,7645.650424691357,2734635058.5148153,.N,1.0,20191001
2019-10-02,7646.511149382716,7549.612362962963,7647.857318518518,7513.69,2534930741.6987653,.N,1.0,20191002
2019-10-03,7555.0494234567905,7663.47377037037,7664.252209876543,7463.571,2117437563.2555552,.N,1.0,20191003
2019-10-04,7664.300271604939,7728.430874796748,7759.36,7661.908043209876,8260240352.3232765,.N,1.0,20191004
2019-10-07,7727.771067208672,7685.308365432099,7784.79,7684.535903703703,2163602421.2619095,.N,1.0,20191007
2019-10-08,7689.364020987654,7651.156367901234,7707.174,7603.76,2184670170.6790123,.N,1.0,20191008
2019-10-09,7653.774155555556,7687.0904493827165,7717.937,7650.3811172839505,2142212025.0555556,.N,1.0,20191009
2019-10-10,7689.124272839506,7807.494437037038,7808.018488888889,7682.614,2591518334.035803,.N,1.0,20191010
2019-10-11,7803.9566802469135,7845.044900813008,7904.051,7803.464260493827,9801314978.981544,.N,1.0,20191011
2019-10-14,7835.41552303523,7857.822773119606,7865.672,7827.157,2398936292.9834237,.N,1.0,20191014
2019-10-15,7859.399598027127,7921.883833538841,7960.137,7856.528475955611,2462369062.4784174,.N,1.0,20191015
2019-10-16,7922.301036991369,7956.280794081381,7957.880514180024,7898.315,2783206957.9013567,.N,1.0,20191016
2019-10-17,7957.785276202219,7941.230159062886,7981.142,7914.939,6493810125.345253,.N,1.0,20191017
2019-10-18,7939.581829839704,7912.835179897047,7946.81,7829.754,15983816863.472424,.N,1.0,20191018
2019-10-21,7908.41910620428,7961.649745992602,7961.649745992602,7887.739,3020591756.8888626,.N,1.0,20191021
2019-10-22,7958.918053020961,7874.616,7977.009,7871.981,1738531245.5351415,.N,1.0,20191022
2019-10-23,,,,,0.0,.N,1.0,20191023
